Name,rankings
Tarik Skubal,DET
Paul Skenes,PIT
Aaron Judge,NYY
Juan Soto,NYM
Shohei Ohtani,LAD
Garrett Crochet,BOS
Bryan Woo,SEA
Ronald Acuña Jr.,ATL
Cristopher Sánchez,PHI
Chris Sale,ATL
Logan Gilbert,SEA
Logan Webb,SFG
Kyle Tucker,LAD
Yoshinobu Yamamoto,LAD
José Ramírez,CLE
Max Fried,NYY
Jacob deGrom,TEX
Fernando Tatis Jr.,SDP
Kyle Schwarber,PHI
Hunter Brown,HOU
Bobby Witt Jr.,KCR
Cal Raleigh,SEA
George Kirby,SEA
Corbin Carroll,ARI
Joe Ryan,MIN
Julio Rodríguez,SEA
Vladimir Guerrero Jr.,TOR
Jesús Luzardo,PHI
Cole Ragans,KCR
Framber Valdez,DET
Ketel Marte,ARI
Yordan Alvarez,HOU
Zack Wheeler,PHI
Mason Miller,SDP
Rafael Devers,SFG
Elly De La Cruz,CIN
Gunnar Henderson,BAL
Nathan Eovaldi,TEX
Jazz Chisholm Jr.,NYY
Nick Pivetta,SDP
Brent Rooker,ATH
Wyatt Langford,TEX
Sonny Gray,BOS
Cade Smith,CLE
Freddy Peralta,NYM
Junior Caminero,TBR
Edwin Díaz,LAD
James Wood,WSN
Brandon Woodruff,MIL
Bryce Harper,PHI
Dylan Cease,TOR
William Contreras,MIL
Kevin Gausman,TOR
Marcell Ozuna,PIT
Mookie Betts,LAD
Drew Rasmussen,TBR
Luis Castillo,SEA
Randy Arozarena,SEA
Jhoan Duran,PHI
Roman Anthony,BOS
Andrés Muñoz,SEA
Freddie Freeman,LAD
Nick Kurtz,ATH
Jackson Chourio,MIL
Ranger Suarez,BOS
Brice Turang,MIL
Shota Imanaga,CHC
Iván Herrera,STL
Blake Snell,LAD
Pete Alonso,BAL
George Springer,TOR
Willson Contreras,BOS
Francisco Lindor,NYM
Maikel Garcia,KCR
Michael King,SDP
Kyle Bradish,BAL
Devin Williams,NYM
Chase Burns,CIN
Manny Machado,SDP
Will Smith,LAD
Bryan Abreu,HOU
Ryan Pepiot,TBR
Tyler Glasnow,LAD
Eury Pérez,MIA
Zach Neto,LAA
Matthew Boyd,CHC
Griffin Jax,TBR
Tanner Bibee,CLE
Matt Olson,ATL
Christian Yelich,MIL
Seiya Suzuki,CHC
Matt Chapman,SFG
Spencer Strider,ATL
Alex Bregman,CHC
Geraldo Perdomo,ARI
Emmet Sheehan,LAD
Trea Turner,PHI
Luke Keaschall,MIN
Nick Lodolo,CIN
Nolan McLean,NYM
Riley Greene,DET
Pete Crow-Armstrong,CHC
Ian Happ,CHC
David Bednar,NYY
Oneil Cruz,PIT
Shea Langeliers,ATH
Aroldis Chapman,BOS
Jarren Duran,BOS
Austin Riley,ATL
Abner Uribe,MIL
Jose Altuve,HOU
Gleyber Torres,DET
Jakob Marsee,MIA
Taylor Ward,BAL
Eugenio Suárez,CIN
Byron Buxton,MIN
MacKenzie Gore,TEX
Jack Flaherty,DET
Nico Hoerner,CHC
Corey Seager,TEX
Joc Pederson,TEX
Cody Bellinger,NYY
Kris Bubic,KCR
José Soriano,LAA
Josh Naylor,SEA
Aaron Nola,PHI
Brandon Nimmo,TEX
Carlos Rodón,NYY
Michael Busch,CHC
Hunter Goodman,COL
Yandy Díaz,TBR
Drake Baldwin,ATL
Raisel Iglesias,ATL
Shane McClanahan,TBR
Merrill Kelly,ARI
Jackson Merrill,SDP
Jeff Hoffman,TOR
Steven Kwan,CLE
Kyle Stowers,MIA
Mike Trout,LAA
Zac Gallen,ARI
Bryson Stott,PHI
Xander Bogaerts,SDP
Jeremiah Estrada,SDP
Ryan Helsley,BAL
Gavin Williams,CLE
Trevor Megill,MIL
Adley Rutschman,BAL
Sandy Alcantara,MIA
Garrett Cleavinger,TBR
Garrett Whitlock,BOS
Trey Yesavage,TOR
Joe Musgrove,SDP
Andrew Abbott,CIN
Willy Adames,SFG
Daniel Palencia,CHC
Salvador Perez,KCR
Willi Castro,COL
Shane Baz,BAL
Josh Hader,HOU
Sean Manaea,NYM
Brendan Donovan,SEA
Edward Cabrera,CHC
Pete Fairbanks,MIA
Agustín Ramírez,MIA
Grant Taylor,CHW
Robert Suarez,ATL
Vinnie Pasquantino,KCR
Teoscar Hernández,LAD
Sal Stewart,CIN
Konnor Griffin,PIT
Matthew Liberatore,STL
Carter Jensen,KCR
Connelly Early,BOS
Marcelo Mayer,BOS
Zac Veen,COL
JJ Wetherholt,STL
Kodai Senga,NYM
Bubba Chandler,PIT
Luis Robert Jr.,NYM
Dansby Swanson,CHC
Bradgley Rodriguez,SDP
Julian Fernández,WSN
Yerry De los Santos,NYY
Liam Hendriks,MIN
Cody Laweryson,MIN
Steven Cruz,KCR
Trevor Williams,WSN
Yariel Rodríguez,TOR
Ryan Vilade,TBR
Justin Bruihl,STL
Brady Basso,ATH
Austin Warren,NYM
José Buttó,SFG
Gregory Santos,SFG
McCade Brown,COL
Zak Kent,MIN
Jacob Webb,CHC
Cal Quantrill,TEX
David Morgan,SDP
Mitch Farris,LAA
Michael Conforto,CHC
Justin Lawrence,PIT
Coleman Crow,MIL
Josh White,MIA
Kai-Wei Teng,HOU
Keider Montero,DET
Ricky Tiedemann,TOR
Shane Drohan,MIL
Kyle Hurt,LAD
Dauri Moreta,
Brandon Williamson,CIN
Gavin Stone,LAD
Manuel Rodríguez,TBR
Hayden Wesneski,HOU
Austin Gomber,TEX
Brandon Walter,HOU
Griffin Conine,MIA
Nick Raquet,STL
TJ Rumfield,COL
Brandon Eisert,CHW
Ryan Fernandez,STL
Michael Darrell-Hicks,PIT
Chris Devenski,PIT
Daysbel Hernández,ATL
Sam Benschoter,CIN
Valente Bellozo,COL
Luis Mey,CIN
Corbin Martin,CHC
Josh Ekness,MIA
Sam Bachman,LAA
Génesis Cabrera,PHI
Casey Legumina,SEA
Chad Green,
Carson Palmquist,COL
Wilmer Flores,
Tanner Rainey,DET
Julian Merryweather,MIN
Jake Eder,WSN
Dylan Coleman,NYY
Gavin Hollowell,CHC
Noah Schultz,CHW
Cole Sulser,TBR
Walker Buehler,SDP
DL Hall,MIL
Joe Jiménez,ATL
Brennan Bernardino,COL
Mason Barnett,ATH
JR Ritchie,ATL
Ty Johnson,TBR
Jordan Montgomery,TEX
Lyon Richardson,CIN
Kutter Crawford,BOS
Patrick Corbin,
Joel Hurtado,LAA
Joel Peguero,SFG
Cole Wilcox,SEA
William Kempner,MIA
Juan Burgos,ARI
Josiah Gray,WSN
Ryan Thompson,ARI
Jason Foley,SFG
Michael Tonkin,MIN
Phil Maton,CHC
Andrew Nardi,MIA
Jimmy Herget,COL
A.J. Minter,NYM
Bryan Baker,TBR
Steven Okert,HOU
Tanner Banks,PHI
Drew Pomeranz,LAA
Graham Ashcraft,CIN
Braydon Fisher,TOR
Jared Koenig,MIL
Andrew Alvarez,WSN
Sam Hentges,SFG
Jaden Hill,COL
Pierce Johnson,CIN
Evan Phillips,LAD
Brent Headrick,NYY
Connor Prielipp,MIN
Payton Tolle,BOS
Cole Sands,MIN
Jake Bird,NYY
Yohan Ramírez,PIT
Wade Miley,
José Suarez,ATL
Mason Fluharty,TOR
Yaramil Hiraldo,BAL
Ronel Blanco,HOU
Blade Tidwell,SFG
Kendry Rojas,MIN
Sean Newcomb,CHW
Nick Mears,KCR
Emerson Hancock,SEA
DJ Herz,WSN
Kohl Drake,ARI
Luke Little,CHC
Osvaldo Bido,NYY
Jon Gray,
Félix Bautista,BAL
Matt Festa,CLE
Ryan Brasier,TEX
Ryan Gusto,MIA
Grant McCray,SFG
River Ryan,LAD
Brenan Hanifee,DET
Brock Burke,CIN
Kevin Kelly,TBR
Spencer Turnbull,
Cade Povich,BAL
Tyler Alexander,TEX
Erick Fedde,CHW
Mason Montgomery,PIT
Yoendrys Gómez,TBR
Mitch Bratt,ARI
Evan Sisk,PIT
Matt Koperniak,STL
Alek Manoah,LAA
Ian Hamilton,ATL
Anthony Bender,MIA
Cristian Mena,ARI
Colin Selby,BAL
Jakob Junis,TEX
Tim Herrin,CLE
Tanner Houck,BOS
Bryan Hudson,NYM
Jason Alexander,HOU
Eric Orze,MIN
Ryan Yarbrough,NYY
JT Brubaker,SFG
Justin Wilson,
Pierson Ohl,COL
Ty Madden,DET
Cade Gibson,MIA
John King,MIA
Quinn Mathews,STL
Andrew Chafin,MIN
Brock Stewart,LAD
Jordan Romano,LAA
Taylor Rashi,ARI
Tyler Ferguson,ATH
Alex Hoppe,SEA
Charlie Morton,
Sebastián Rivero,LAA
Sawyer Gipson-Long,DET
Erik Miller,SFG
José Urquidy,PIT
Matt Gage,SFG
Yimi García,TOR
Blake Treinen,LAD
Chase Silseth,LAA
Paul Blackburn,NYY
Nelson Velázquez,STL
Paul DeJong,NYY
Tink Hence,STL
Austin Peterson,CLE
Charlie Condon,COL
Marcus Stroman,
Nick Allen,HOU
Angel Zerpa,MIL
Mark Leiter Jr.,ATH
Danny Coulombe,BOS
Wandy Peralta,SDP
Griffin Canning,SDP
Caleb Thielbar,CHC
Rowdy Tellez,
Aaron Bummer,ATL
Tomoyuki Sugano,COL
Colin Rea,CHC
Stephen Kolek,KCR
Trevor McDonald,SFG
Justin Topa,MIN
Alex Cobb,
Ryan Bergert,KCR
Junior Perez,ATH
Yennier Cano,BAL
Hayden Birdsong,SFG
Jonathan Cannon,CHW
Jake Irvin,WSN
Deyvison De Los Santos,MIA
Kody Funderburk,MIN
Chris Martin,TEX
Yoán Moncada,LAA
Brant Hurter,DET
Yohel Pozo,STL
Eloy Jiménez,TOR
Germán Márquez,SDP
Blaze Alexander,BAL
Brock Wilken,MIL
Michel Otañez,TEX
Garrett Hampson,CIN
Nicky Lopez,COL
Christian Encarnacion-Strand,CIN
Jeimer Candelario,LAA
Tyler Wade,TEX
Dominic Smith,ATL
Michael Toglia,CIN
Adam Frazier,LAA
Garrett Stubbs,PHI
Jared Young,NYM
Petey Halpin,CLE
Tanner Gordon,COL
Eduard Bazardo,SEA
Justin Martinez,ARI
Jovani Morán,BOS
Juan Mejia,COL
Josh Sborz,TEX
Brice Matthews,HOU
Keaton Winn,SFG
Ben Joyce,LAA
Justin Slaten,BOS
Tobias Myers,NYM
John Rave,KCR
Erik Sabrowski,CLE
Brendon Little,TOR
Troy Johnston,COL
Trey Lipscomb,WSN
Tyler Anderson,LAA
Luis Matos,SFG
Ryan Weiss,HOU
Chase Dollander,COL
Matt Thaiss,BOS
Francis Peña,SDP
Jackson Rutledge,WSN
Jerar Encarnacion,SFG
Jorge Alcala,TOR
Justin Turner,
Jesse Scholtens,TBR
Seth Martinez,BOS
Mike Clevinger,PIT
MJ Melendez,NYM
Drey Jameson,ARI
Tyler Black,MIL
Hunter Bigge,TBR
Grant Holman,ARI
J.P. France,HOU
Chayce McDermott,BAL
Shinnosuke Ogasawara,WSN
Guillo Zuñiga,SEA
Alex Carrillo,NYM
Emiliano Teodo,TEX
Tyler Mattison,DET
Angel Chivilli,NYY
Peyton Pallette,CLE
Domingo Gonzalez,SEA
Lazaro Estrada,TOR
Michael Petersen,MIA
Connor Seabold,TOR
Casey Lawrence,SEA
Drew Smith,WSN
Walbert Urena,LAA
Beau Brieske,DET
Andrew Walters,CLE
Cole Winn,TEX
Dylan Smith,DET
Tyler Gilbert,CHW
Tate Kuehner,MIL
Tyson Neighbors,BAL
Tom Cosgrove,HOU
Joe La Sorsa,PIT
Luinder Avila,KCR
Jose A. Ferrer,SEA
John Schreiber,KCR
Tyler Kinley,ATL
Kris Bryant,COL
Justin Wrobleski,LAD
Carson Whisenhunt,SFG
Jordan Wicks,CHC
Luis Medina,ATH
Caleb Ferguson,CIN
Gage Jump,ATH
A.J. Puk,ARI
Brusdar Graterol,LAD
Tristan Beck,SFG
Dylan Lee,ATL
Lance McCullers Jr.,HOU
Richard Fitts,STL
Aaron Ashby,MIL
Blaine Crim,COL
George Klassen,LAA
Martín Pérez,ATL
Duncan Davitt,CHW
Eric Cerantola,KCR
Shane Murphy,CHW
Josh Fleming,TOR
David Sandlin,CHW
Vince Velasquez,CHC
Hogan Harris,ATH
Gunnar Hoglund,ATH
Jake Bloss,TOR
Alek Jacob,SDP
Hoby Milner,CHC
Jake Miller,CLE
David Festa,MIN
Tommy Nance,TOR
Sam Moll,CIN
Mason Englert,TBR
Christian Scott,NYM
Clarke Schmidt,NYY
Andre Granillo,WSN
Trey Gibson,BAL
James McArthur,KCR
Ky Bush,CHW
Josh Staumont,CIN
Jorge López,
Jose Franco,CIN
Angel Perdomo,LAA
Yunior Marte,CIN
A.J. Causey,ATH
Brandon Waddell,NYM
Jayden Murray,HOU
Kevin Herget,NYM
Bradley Blalock,MIA
Dale Stanavich,MIA
Carlos Vargas,SEA
Michael Kelly,ATH
Luis Peralta,COL
Bailey Horn,DET
Kendall Graveman,
Rafael Montero,NYY
T.J. McFarland,
James Karinchak,ATL
Matt Bowman,MIN
Ryan Loutos,SEA
Kyle Keller,BOS
Mike Vasil,CHW
Miguel Castro,
Ken Waldichuk,WSN
Jack Neely,CHC
Anthony Molina,ATL
Connor Brogdon,CLE
Kaleb Ort,LAA
Blake Walston,ARI
Marc Church,TEX
Ty Adcock,SDP
Steven Wilson,TBR
Joey Estes,ATH
Joe Ross,ARI
Troy Taylor,SEA
Tejay Antone,CIN
Konnor Pilkington,DET
Austin Love,STL
Isaiah Campbell,ARI
Sammy Peralta,MIL
Antonio Senzatela,COL
Alexander Alberto,CHW
Thomas Hatch,ARI
Luis Guerrero,TBR
Andry Lara,WSN
Eli Morgan,KCR
Tanner McDougal,CHW
Kyle Backhus,PHI
Orlando Ribalta,WSN
Riley Martin,CHC
Jedixson Paez,CHW
Carlos Hernández,CLE
Daison Acosta,SDP
Lou Trivino,PHI
Brycen Mautz,STL
Henry Baez,ATH
Ryan Rolison,CHC
Roddery Muñoz,HOU
Gavin Collyer,TEX
Zach Brzykcy,MIA
Ryder Ryan,LAD
Hayden Durke,ARI
Ryan Harbin,PIT
Colin Poche,DET
Enmanuel De Jesus,DET
Andrew Hoffmann,ARI
Josh Simpson,SEA
Seth Johnson,PHI
Lucas Sims,CHW
Dan Altavilla,MIN
Ryan Zeferjahn,LAA
Yilber Díaz,ARI
Wikelman González,CHW
Rico Garcia,BAL
Cole Henry,WSN
Jayvien Sandridge,LAA
Zach Maxwell,CIN
Paul Gervase,LAD
Jean Cabrera,PHI
Brandan Bidois,PIT
Prelander Berroa,CHW
Scott Blewett,STL
George Soriano,STL
Cameron Foster,BAL
Cade Winquest,NYY
Logan Gillaspie,SDP
Eduarniel Núñez,ATH
Nick Hernandez,ATH
Blas Castaño,SEA
Carter Baumler,TEX
Triston McKenzie,SDP
Jairo Iriarte,CHW
Tayler Scott,ATL
Robinson Ortiz,SEA
Jackson Kowar,BAL
Danny Young,ATL
Zach McCambley,PHI
Nick Anderson,ATH
Ethan Roberts,CHC
Samy Natera Jr.,LAA
Tayler Saucedo,LAA
Bryce Jarvis,ARI
Garrett Acton,MIA
Jaden Woods,PIT
Logan VanWey,HOU
Rolddy Muñoz,ATL
Dom Hamel,NYY
Riley Cornelio,WSN
RJ Petit,COL
Cam Sanders,PIT
Nate Pearson,HOU
Ryan Lambert,NYM
Michael Fulmer,SFG
Matt Pushard,STL
Hayden Harris,ATL
Adam Macko,TOR
Paxton Schultz,WSN
Victor Mederos,LAA
Carson Spiers,CIN
Edgardo Henriquez,LAD
Tim Hill,NYY
Braden Nett,ATH
Nestor Cortes,
Didier Fuentes,ATL
Welinton Herrera,COL
Yuki Matsui,SDP
Easton McGee,MIL
Connor Phillips,CIN
Elvis Alvarado,ATH
Joel Payamps,ATL
Elmer Rodríguez,NYY
Jose Corniell,TEX
Brent Suter,LAA
Zach Pop,PHI
Randy Dobnak,SEA
Scott McGough,
Vinny Nittoli,BOS
Carson Seymour,SFG
Angel Bastardo,TOR
Hunter Stratton,ATL
Jake Bennett,BOS
Richard Lovelady,NYM
Travis Adams,MIN
Doug Nikhazy,CLE
Pedro Avila,
Enyel De Los Santos,HOU
John Brebbia,COL
Chase Petty,CIN
Pete Hansen,STL
Kervin Castro,NYY
Gus Varland,WSN
Dylan Ross,NYM
Matt Waldron,SDP
Grant Anderson,MIL
Franco Aleman,CLE
John Klein,MIN
Chris Roycroft,STL
Spencer Miles,TOR
Ryan Webb,CLE
Isaac Mattson,PIT
Chase Lee,TOR
Colton Gordon,HOU
Peter Lambert,HOU
Keegan Thompson,COL
Taylor Clarke,ARI
Tommy Kahnle,BOS
Luke Jackson,
Brody Hopkins,TBR
Collin Snider,CHC
Jeff Criswell,COL
Max Lazar,PHI
Will Klein,LAD
Luis Perales,WSN
Jose Espada,BAL
Ronan Kopp,LAD
Lake Bachar,MIA
Tyler Samaniego,BOS
Joey Gerber,NYM
Colin Holderman,CLE
Dane Dunning,SEA
Alex Lange,KCR
Jonathan Loáisiga,ARI
Porter Hodge,CHC
Trevor Stephan,CLE
Dylan Dodd,ATL
Jordan Hicks,CHW
Anthony Nunez,BAL
Justin Hagenman,NYM
Reiver Sanmartin,SFG
Andrew Morris,MIN
Ron Marinaccio,SDP
Caden Dana,LAA
Zack Kelly,BOS
Sean Guenther,DET
Tony Gonsolin,
Anthony Banda,MIN
Kyle Wright,CHC
Dax Fulton,MIA
Kolby Allard,CLE
Jackson Jobe,DET
Jared Lyons,CIN
Keegan Akin,BAL
Huascar Brazobán,NYM
Greg Weissert,BOS
Drew Thorpe,CHW
Javier Assad,CHC
Spencer Bivens,SFG
Gordon Graceffo,STL
Grant Wolfram,BAL
Jalen Beeks,TEX
PJ Poulin,WSN
Cooper Criswell,SEA
Scott Barlow,ATH
Ryne Stanek,STL
Dietrich Enns,BAL
Calvin Faucher,MIA
Ryan Johnson,LAA
Philip Abner,ARI
Mitchell Parker,WSN
Jack Perkins,ATH
Trent Thornton,CHC
Jack Kochanowicz,LAA
Craig Kimbrel,NYM
Sauryn Lao,
Brandyn Garcia,ARI
Bryan Ramos,BAL
Thomas Harrington,PIT
Julian Aguiar,CIN
Ryan Borucki,CHW
Daniel Lynch IV,KCR
Edouard Julien,COL
Tyler Phillips,MIA
Craig Yoho,MIL
Marco Raya,MIN
Marco Gonzales,SDP
Caleb Kilian,SFG
Wilber Dotel,PIT
Albert Suárez,BAL
Joey Lucchesi,SFG
Brandon Young,BAL
Jhony Brito,SDP
Gabriel Hughes,COL
Kade Strowd,ARI
Sam Aldegheri,LAA
Mason Black,KCR
Héctor Neris,KCR
Garrett Hawkins,SDP
Joe Elbis,
Drew Sommers,DET
Alan Rangel,PHI
Taylor Walls,TBR
Rafael Marchán,PHI
José Fermín,STL
Matt Vierling,DET
Tyler Freeman,COL
Rob Refsnyder,SEA
Emmanuel Rodriguez,MIN
Drew Millas,WSN
Andy Ibáñez,ATH
Ben Kudrna,KCR
Chase Shugart,PHI
Jhancarlos Lara,ATL
Jackson Wolf,SDP
Derek Law,ARI
AJ Smith-Shawver,ATL
Luis Curvelo,TEX
Nick Sandlin,LAA
Ben Casparius,LAD
Joe Rock,TBR
Hagen Smith,CHW
Jonathan Pintaro,NYM
Yosver Zulueta,SEA
Cole Irvin,LAD
Chen Zhong-Ao Zhuang,ATH
Tucker Davidson,PHI
Scott Alexander,SFG
Daniel Robert,PHI
Yoniel Curet,PHI
Kyle Hart,SDP
Kevin Alcántara,CHC
Alan Roden,MIN
Thomas Saggese,STL
Cionel Pérez,WSN
Bryan Hoeing,SDP
Juan Morillo,ARI
Seth Halvorsen,COL
Jonathan Bowlan,PHI
Ryan Watson,BOS
Tyler Uberstine,BOS
Miguel Ullola,HOU
Bailey Falter,KCR
Jhonathan Díaz,SEA
Peyton Gray,TEX
Orelvis Martinez,WSN
Tim Mayza,PHI
Kyle Nicolas,CIN
Adbert Alzolay,NYM
AJ Blubaugh,HOU
Rob Zastryzny,MIL
Cody Bradford,TEX
Landon Knack,LAD
Graham Pauley,MIA
Sean Sullivan,COL
Blake Perkins,MIL
Luke Raley,SEA
Jimmy Crooks,STL
Ryan Waldschmidt,ARI
Hunter Feduccia,TBR
Nick Burdi,NYM
Evan Reifert,TBR
Chris Murphy,CHW
Griff McGarry,WSN
Nolan Hoffman,PHI
Scott Effross,DET
Michael Kopech,
Shawn Dubin,ARI
Jake Fraley,TBR
Bryse Wilson,PHI
Brendan Beck,NYY
Pedro León,PHI
Enmanuel Valdez,PIT
Jarred Kelenic,CHW
José Berríos,TOR
Luisangel Acuña,CHW
Edgar Quero,CHW
Lucas Giolito,
Nick Martinez,TBR
Jordan Walker,STL
Andrew Benintendi,CHW
Justin Sterner,ATH
Luis Severino,ATH
Kevin Ginkel,ARI
Tyler O'Neill,BAL
Austin Hays,CHW
Taylor Rogers,MIN
Tanner Scott,LAD
Tyler Rogers,TOR
Bo Naylor,CLE
Cam Smith,HOU
Jacob Lopez,ATH
Eric Lauer,TOR
Brandon Marsh,PHI
Jason Adam,SDP
Josh Bell,MIN
Gavin Sheets,SDP
Coby Mayo,BAL
Tony Santillan,CIN
Jared Jones,PIT
Jordan Leasure,CHW
Connor Norby,MIA
Spencer Arrighetti,HOU
Nolan Gorman,STL
Lars Nootbaar,STL
Hyeseong Kim,LAD
Harry Ford,WSN
Zack Littell,WSN
Victor Vodnik,COL
Spencer Horwitz,PIT
Mick Abel,MIN
Jake Mangum,PIT
Dominic Canzone,SEA
Mike Yastrzemski,ATL
Matt Strahm,KCR
Dylan Beavers,BAL
Jeffrey Springs,ATH
Anthony Santander,TOR
Cade Cavalli,WSN
Adrian Morejon,SDP
Brandon Pfaadt,ARI
Zebby Matthews,MIN
Justin Steele,CHC
Matt Wallner,MIN
Hurston Waldrep,ATL
Javier Báez,DET
Carson Kelly,CHC
Will Warren,NYY
Jeff McNeil,ATH
Ryan McMahon,NYY
Andrés Giménez,TOR
Reynaldo López,ATL
Tyler Mahle,SFG
Chad Patrick,MIL
Max Meyer,MIA
Owen Caissie,MIA
Harrison Bader,SFG
Moisés Ballesteros,CHC
Luke Weaver,NYM
Clayton Beeter,WSN
Zach Eflin,BAL
Grant Holmes,ATL
Dustin May,STL
Kyle Finnegan,DET
Carlos Narváez,BOS
Alex Vesia,LAD
Corbin Burnes,ARI
Cristian Javier,HOU
Robby Snelling,MIA
Paul Goldschmidt,NYY
JoJo Romero,STL
Justin Verlander,DET
Ha-Seong Kim,ATL
Triston Casas,BOS
Jake Cronenworth,SDP
Troy Melton,DET
Jonny DeLuca,TBR
Miguel Amaya,CHC
Louis Varland,TOR
Enrique Hernández,LAD
Luis Morales,ATH
Luis Rengifo,MIL
Sean Murphy,ATL
Bryan King,HOU
Lane Thomas,KCR
Eduardo Rodriguez,ARI
Brady House,WSN
Kody Clemens,MIN
Max Muncy,LAD
Max Muncy,ATH
Dalton Rushing,LAD
Landen Roupp,SFG
Bennett Sousa,HOU
Miguel Rojas,LAD
Kristian Campbell,BOS
Christian Moore,LAA
Cole Young,SEA
Brooks Raley,NYM
Lourdes Gurriel Jr.,ARI
Jesus Rodriguez,SFG
Jake Meyers,HOU
Nolan Jones,CLE
Tyler Fitzgerald,SFG
Fernando Cruz,NYY
José Alvarado,PHI
Colt Emerson,SEA
Miguel Andujar,SDP
Wenceel Pérez,DET
Zach Cole,HOU
Rhys Hoskins,CLE
Kyle Harrison,MIL
Keibert Ruiz,WSN
Victor Caratini,MIN
Shawn Armstrong,CLE
Nasim Nuñez,WSN
Travis Bazzana,CLE
Denzel Clarke,ATH
Jared Triolo,PIT
Matt Svanson,STL
Trevor Larnach,MIN
Camilo Doval,NYY
Matt Brash,SEA
Brad Keller,PHI
Isaac Collins,KCR
Hunter Gaddis,CLE
Thomas White,MIA
Patrick Bailey,SFG
Chase Meidroth,CHW
Robert Stephenson,LAA
Jesús Sánchez,TOR
Jonah Tong,NYM
Johan Oviedo,BOS
Spencer Jones,NYY
Tyler Holton,DET
Freddy Fermin,SDP
Dean Kremer,BAL
Max Scherzer,TOR
Parker Meadows,DET
Ke'Bryan Hayes,CIN
Paul Sewald,ARI
Gabe Speier,SEA
Mauricio Dubón,ATL
Jake McCarthy,COL
Javier Sanoja,MIA
Walker Jenkins,MIN
Simeon Woods Richardson,MIN
Joey Ortiz,MIL
Lucas Erceg,KCR
Victor Robles,SEA
Jorge Soler,LAA
Slade Cecconi,CLE
Taj Bradley,MIN
Braxton Garrett,MIA
Josh Lowe,LAA
Riley O'Brien,STL
Rafael Flores Jr.,PIT
Jack Leiter,TEX
Heliot Ramos,SFG
Brenton Doyle,COL
Royce Lewis,MIN
Jordan Westburg,BAL
Gerrit Cole,NYY
Jorge Polanco,NYM
Sal Frelick,MIL
Ryan Walker,SFG
José Caballero,NYY
Daylen Lile,WSN
Marcus Semien,NYM
Dylan Crews,WSN
Daulton Varsho,TOR
Matt McLain,CIN
Dennis Santana,PIT
Christian Walker,HOU
Addison Barger,TOR
Gabriel Moreno,ARI
Wilyer Abreu,BOS
Ezequiel Tovar,COL
Austin Wells,NYY
Roki Sasaki,LAD
TJ Friedl,CIN
Kyle Manzardo,CLE
Otto Lopez,MIA
Noah Cameron,KCR
Carlos Correa,HOU
Alec Bohm,PHI
Giancarlo Stanton,NYY
Adolis García,PHI
Luis Arraez,SFG
J.T. Realmuto,PHI
Caleb Durbin,BOS
Trent Grisham,NYY
Samuel Basallo,BAL
Kerry Carpenter,DET
Ramón Laureano,SDP
Jac Caglianone,KCR
Cade Horton,CHC
Munetaka Murakami,CHW
Jacob Misiorowski,MIL
Andy Pages,LAD
Carlos Estévez,KCR
Lawrence Butler,ATH
Ozzie Albies,ATL
Jo Adell,LAA
Cam Schlittler,NYY
Trevor Story,BOS
Hunter Greene,CIN
Emilio Pagán,CIN
Jeremy Peña,HOU
Michael Harris II,ATL
Shohei Ohtani,LAD
Bo Bichette,NYM
Tyler Soderstrom,ATH
CJ Abrams,WSN
Ben Rice,NYY
Yainer Diaz,HOU
Noelvi Marte,CIN
Isaac Paredes,HOU
Jackson Holliday,BAL
Jonathan Aranda,TBR
Spencer Torkelson,DET
Colson Montgomery,CHW
Bryan Reynolds,PIT
Alejandro Kirk,TOR
Alec Burleson,STL
Kazuma Okamoto,TOR
Chandler Simpson,TBR
Trevor Rogers,BAL
Tatsuya Imai,HOU
Jacob Wilson,ATH
Xavier Edwards,MIA
Kenley Jansen,DET
Robbie Ray,SFG
Ceddanne Rafaela,BOS
Brandon Lowe,PIT
Francisco Alvarez,NYM
Shane Bieber,TOR
Reid Detmers,LAA
Jung Hoo Lee,SFG
Jameson Taillon,CHC
Brett Baty,NYM
Nick Castellanos,SDP
Seth Lugo,KCR
Brayan Bello,BOS
Jonathan India,KCR
Bailey Ober,MIN
Victor Scott II,STL
Matt Shaw,CHC
Andrew Painter,PHI
Zach McKinstry,DET
Yusei Kikuchi,LAA
Michael Wacha,KCR
Brady Singer,CIN
Ryan Jeffers,MIN
Robert Garcia,TEX
Masyn Winn,STL
Parker Messick,CLE
Jordan Lawlar,ARI
Carson Benge,NYM
Nolan Arenado,ARI
Cedric Mullins,TBR
Ian Seymour,TBR
Edwin Uceta,TBR
Bryce Eldridge,SFG
Lenyn Sosa,CHW
Kirby Yates,LAA
Josh Jung,TEX
Anthony Volpe,NYY
Tommy Edman,LAD
Josh Smith,TEX
Nolan Schanuel,LAA
J.P. Crawford,SEA
David Peterson,NYM
Brooks Lee,MIN
Chris Bassitt,BAL
Mitch Keller,PIT
Will Vest,DET
Colt Keith,DET
Cody Ponce,TOR
Logan O'Hoppe,LAA
Luis García,NYM
Spencer Steer,CIN
Ryan Weathers,NYY
Jake Burger,TEX
Bryce Miller,SEA
Shane Smith,CHW
Quinn Priester,MIL
Ernie Clement,TOR
Luis Garcia,HOU
Ryne Nelson,ARI
Dillon Dingler,DET
Seranthony Domínguez,CHW
Jordan Beck,COL
Kyle Teel,CHW
Kevin McGonigle,DET
Colton Cowser,BAL
Luis García Jr.,WSN
Andrew Vaughn,MIL
Grayson Rodriguez,LAA
Braxton Ashcraft,PIT
Logan Henderson,MIL
Miguel Vargas,CHW
Mike Burrows,HOU
Luis Gil,NYY
Mickey Moniak,COL
Joey Cantillo,CLE
Evan Carter,TEX
Casey Mize,DET
Justin Crawford,PHI
Jasson Domínguez,NYY
Mark Vientos,NYM
Chase DeLauter,CLE
Spencer Schwellenbach,ATL
Ryan O'Hearn,PIT
Tyler Stephenson,CIN
Clay Holmes,NYM
Rhett Lowder,CIN
Liam Hicks,MIA
Oswaldo Cabrera,NYY
David Fry,CLE
Angel Martínez,CLE
Tre' Morgan,TBR
Jared Serna,MIA
Miles Mikolas,WSN
Kyren Paris,LAA
Shay Whitcomb,HOU
Aaron Civale,ATH
Bryce Elder,ATL
Carmen Mlodzinski,PIT
J.T. Ginn,ATH
Hunter Harvey,CHC
Jorge Alfaro,KCR
Kyle Leahy,STL
Orion Kerkering,PHI
Robert Gasser,MIL
Drew Anderson,DET
Randy Vásquez,SDP
Brandon Lockridge,MIL
Eli White,ATL
Bryce Teodosio,LAA
Joey Loperfido,HOU
Miles Mastrobuoni,SEA
Jahmai Jones,DET
Korey Lee,CHW
Tyrone Taylor,NYM
Jorbit Vivas,NYY
Mason McCoy,SDP
Elias Díaz,KCR
Robert Hassell III,WSN
Johnathan Rodríguez,CLE
Joey Wiemer,WSN
Tristan Gray,MIN
Mike Tauchman,NYM
Kyle Farmer,ATL
Chas McCormick,CHC
Carlos Cortes,ATH
Taylor Trammell,HOU
Ryan Feltner,COL
Kumar Rocker,TEX
Davis Martin,CHW
Steven Matz,TBR
Jhostynxon Garcia,PIT
Braden Montgomery,CHW
Jace Jung,DET
Andre Pallante,STL
Willie MacIver,TEX
Isiah Kiner-Falefa,BOS
Hunter Barco,PIT
Shane McGuire,ATH
Nick Madrigal,LAA
Tanner Murray,CHW
Liover Peguero,PHI
Tyler Locklear,ARI
Ildemaro Vargas,ARI
Darell Hernaiz,ATH
Joshua Báez,STL
Randal Grichuk,NYY
Yanquiel Fernández,NYY
Jose Siri,LAA
Jose Quintana,COL
Andrés Chaparro,WSN
Anthony Kay,CHW
Logan Allen,CLE
Jacob Latz,TEX
Michael Lorenzen,COL
Patrick Sandoval,BOS
Chris Paddack,MIA
Myles Straw,TOR
Nate Eaton,BOS
Gabriel Rincones Jr.,PHI
Ronny Mauricio,NYM
Dylan Carlson,CHC
Vidal Bruján,NYM
Richie Palacios,TBR
Bryan Torres,STL
Jhonny Pereda,SEA
Chris Taylor,LAA
Gio Urshela,MIN
DJ LeMahieu,
Endy Rodríguez,PIT
Brett Sullivan,COL
Edwin Arroyo,CIN
Alika Williams,PIT
Yohandy Morales,WSN
Kahlil Watson,CLE
Drew Romo,CHW
LaMonte Wade Jr.,CHW
César Prieto,STL
Jorge Barrosa,ARI
Gabriel Arias,CLE
Luis Campusano,SDP
Andruw Monasterio,BOS
Kyle Higashioka,TEX
Manuel Margot,
Sterlin Thompson,COL
Chadwick Tromp,ATL
Brayan Rocchio,CLE
Juan Yepez,TOR
Jacob Stallings,BAL
Adael Amador,COL
Tirso Ornelas,SDP
Austin Martin,MIN
Justin Foscue,TEX
Matt Mervis,WSN
Mark Canha,TEX
Tristan Peters,CHW
Bryce Johnson,SDP
Tommy Pham,
Garrett Mitchell,MIL
Curtis Mead,CHW
A.J. Vukovich,ARI
Joe Mack,MIA
Luke Williams,ATL
Jack Suwinski,LAD
Jose Miranda,SDP
Ben Gamel,ATL
Adrian Del Castillo,ARI
Alex Verdugo,SDP
Gabriel Gonzalez,MIN
Ji Hwan Bae,NYM
Justin Dean,CHC
Heriberto Hernández,MIA
Eric Haase,SFG
Victor Mesa Jr.,TBR
Jeferson Quero,MIL
Tim Anderson,
Nathaniel Lowe,CIN
Brendan Rodgers,BOS
Esmerlyn Valdez,PIT
Will Banfield,CIN
Jonah Bride,TEX
Maximo Acosta,MIA
Blake Dunn,CIN
Tyler Tolbert,KCR
Will Brennan,SFG
Josh Rojas,KCR
Riley Adams,WSN
Michael Siani,LAD
Nelson Rada,LAA
Jonatan Clase,TOR
Nick Gonzales,PIT
Zach Dezenzo,HOU
Juan Brito,CLE
Niko Kavadas,LAA
DaShawn Keirsey Jr.,ATL
Gustavo Campero,LAA
Matthew Lugo,LAA
Joey Meneses,ATH
Mickey Gasper,BOS
Henry Davis,PIT
Austin Slater,DET
Austin Barnes,NYM
Jacob Young,WSN
James Triantos,CHC
Hunter Dobbins,STL
Michael Soroka,ARI
Brad Lord,WSN
Max Schuemann,NYY
Alex Jackson,MIN
Jesse Winker,
Jon Berti,
Janson Junk,MIA
Kyle Freeland,COL
Jake Bauers,MIL
Drew Gilbert,SFG
Jhonkensy Noel,BAL
Nathan Lukes,TOR
Bryan De La Cruz,PHI
Christopher Morel,MIA
Nacho Alvarez Jr.,ATL
James McCann,ARI
Masataka Yoshida,BOS
JP Sears,SDP
José Leclerc,
Jorge Mateo,ATL
Amed Rosario,NYY
Zack Gelof,ATH
Warming Bernabel,WSN
Sung-Mun Song,SDP
Dylan Moore,PHI
Will Benson,CIN
Andrew McCutchen,TEX
Leo Rivas,SEA
Braxton Fulford,COL
Ramón Urías,STL
Connor Joe,SEA
Colby Thomas,ATH
Kyle Karros,COL
David Hamilton,MIL
Will Wagner,SDP
Akil Baddoo,MIL
Esteury Ruiz,MIA
Tomás Nido,DET
Ben Brown,CHC
Jake Rogers,DET
Connor Wong,BOS
Luis Torrens,NYM
Gary Sánchez,MIL
Kyle Isbel,KCR
Sam Antonacci,CHW
Foster Griffin,WSN
Nick Sogard,BOS
Aidan Miller,PHI
Carlos Santana,ARI
Andrew Kittredge,BAL
Justyn-Henry Malloy,TBR
Adrian Houser,SFG
Edmundo Sosa,PHI
Abimelec Ortiz,WSN
Wade Meckler,LAA
Johan Rojas,PHI
Joey Bart,PIT
Otto Kemp,PHI
Taijuan Walker,PHI
Alexis Díaz,TEX
Davis Schneider,TOR
Bobby Miller,LAD
Michael McGreevy,STL
Hunter Strickland,LAA
Jack Dreyer,LAD
Alek Thomas,ARI
Pedro Pagés,STL
Gavin Lux,TBR
Gregory Soto,PIT
Brandon Sproat,MIL
Eric Wagaman,MIN
Sean Burke,CHW
Stuart Fairchild,CLE
Romy Gonzalez,BOS
Carson Williams,TBR
Heston Kjerstad,BAL
Joe Boyle,TBR
Casey Schmitt,SFG
Mitch Spence,KCR
Leo De Vries,ATH
Ryan Clifford,NYM
Tyler Wells,BAL
Danny Jansen,TEX
Carlos Rodriguez,MIL
Drew Waters,KCR
Rece Hinds,CIN
Brooks Baldwin,CHW
Alex Freeland,LAD
Kameron Misner,KCR
Orlando Arcia,MIN
Thairo Estrada,BAL
Leody Taveras,BAL
Dom Keegan,TBR
Derek Hill,CHW
Austin Hedges,CLE
Ryan Kreidler,MIN
Abraham Toro,KCR
George Valera,CLE
Luke Maile,KCR
César Salazar,HOU
Nick Loftin,KCR
Christian Vázquez,HOU
Ryan Mountcastle,BAL
J.C. Escarra,NYY
Kyle McCann,COL
Travis d'Arnaud,LAA
Tom Murphy,
José Tena,WSN
Ryan Bliss,SEA
Tyler Austin,CHC
Ezequiel Duran,TEX
Tommy Troy,ARI
Starling Marte,KCR
Mitch Garver,SEA
Brandon Valenzuela,TOR
Reese McGuire,MIL
Denzer Guzman,LAA
Max Kepler,
Andrew Knizner,SEA
James Outman,MIN
Daniel Schneemann,CLE
Ben Williamson,TBR
Alex Call,LAD
Nick Fortes,TBR
Sam Haggerty,TEX
Jeremiah Jackson,BAL
Tyler Heineman,TOR
Vaughn Grissom,LAA
Dane Myers,CIN
Ryan Ritter,COL
Jonah Heim,ATL
Jose Trevino,CIN
Oswald Peraza,LAA
Ben Rortvedt,NYM
Austin Wynns,ATH
Santiago Espinal,LAD
Ty France,SDP
Donovan Solano,
Michael Massey,KCR
JJ Bleday,CIN
Kevin Newman,KCR
Christian Franklin,WSN
Cavan Biggio,HOU
Dustin Harris,CHW
Pavin Smith,ARI
Leo Jiménez,TOR
Cody Freeman,TEX
Jett Williams,MIL
Jacob Melton,TBR
Luis Urías,ARI
Brett Wisely,ATL
Everson Pereira,CHW
Nick Yorke,PIT
Alejandro Osuna,TEX
Nathan Church,STL
Michael Helman,TEX
CJ Kayfus,CLE
Trey Sweeney,DET
Daniel Susac,SFG
Brett Harris,ATH
Tyler Callihan,PIT
Jose Iglesias,
Tim Tawa,ARI
Christian Koss,SFG
Zach Agnos,COL
